"name","stem","definition","example",
"abine","-abine","nucleoside antiviral or antineoplastic agents, cytarabine or azarabine derivatives",,
"ac","-ac","anti-inflammatory agents (acetic acid derivatives)","bromfenac",
"subgroup:",,,,
,"-zolac","anti-inflammatory - pyrazole acetic acid derivatives","  pyrazole acetic acid derivatives","rovazolac"
"acetam","-acetam","nootropic agents (learning, cognitive enhancers), piracetam type",,
"actant","-actant","pulmonary surfactants","beractant, lucinactant, calfactant",
"actide","-actide","peptides",,
"adenant","-adenant","adensosine receptor antagonists","preladenant",
"adol","-adol, -adol-","analgesics (mixed opiate receptor agonists/antagonists)","tazadolene",
"adox","-adox","antibacterials (quinoline dioxide derivatives)","carbadox",
"afenone","-afenone","antiarrhythmics (propafenone derivatives)","alprafenone",
"afil","-afil","phosphodiesterase type 5 inhibitors (PDE5) inhibitors","tadalafil, avanafil",
"subgroup:",,,,
,"-denafil","(PDE5) inhibitors containing a sulfonamide moiety","udenafil, vardenafil",
"aj","-aj-","antiarrythmics (ajmaline deriviatives)","lorajmine",
"alap","-alap","aldehyde traps","reproxalap",
"aldrate","-aldrate","antacid aluminum salts","magaldrate",
"algron","-algron","α1 - and α2 - adrenoreceptor agonists","dabuzalgron",
"alol","-alol","combined alpha and beta blockers","labetalol",
"amidine","-amidine","pentamidine derivatives/analogues","pafuramidine",
"amidis","-amidis","antimyloidotics","tafamidis",
"amivir","-amivir","antivirals",,
"amostat","-amostat","enzyme inhibitors",,
"ampa","-ampa-","ionotropic non-NMDA (N-methyl D-aspartate) glutamate receptors [AMPA (α-amino-3-hydroxy-5-methyl-4-isoxazolepropionic acid receptor) and/or KA (kainite antagonist) receptors]",,
"subgroups:",,,,
,"-ampanel","antagonists","becampanel",
,"-ampator","modulators","farampator",
"ampanel","-ampanel","ionotropic non-NMDA (N-methyl D-aspartate) glutamate receptors [AMPA (α-amino-3-hydroxy-5-methyl-4-isoxazolepropionic acid receptor) and/or KA (kainite antagonist) receptors]",,
"ampator","-ampator","ionotropic non-NMDA (N-methyl D-aspartate) glutamate receptors [AMPA (α-amino-3-hydroxy-5-methyl-4-isoxazolepropionic acid receptor) and/or KA (kainite antagonist) receptors]",,
"andr","-andr-","androgens","nandrolone",
"anib","-anib","angiogenesis inhibitors","pegaptanib",
"aniten","-aniten","androgen receptor inhibitor, N-terminal domain inhibitor","ralaniten",
"anserin","-anserin","serotonin 5-HT2 receptor antagonists","altanserin",
"antel","-antel","anthelminitics (undefined group)","carbantel",
"subgroup:",,,,
,"-quantel","2-deoxoparaherquamide A derivatives","derquantel",
"antrone","-antrone","antineoplastics, anthraquinone derivatives","pixantrone",
"apsel","-apsel","P-selectin antagonists","torapsel",
"apt","-apt-","aptamers, classical and mirror","pegaptanib, egaptivon pegol",
"arabine","-arabine","antineoplastics (arabinofuranosyl derivatives)","fazarabine",
"aril","aril-, -aril-, -aril","antiviral (arildone derivatives)","pleconaril",
"arit","-arit","antirheumatics (lobenzarit type)","lobenzarit, clobuzarit",
"arol","-arol","anticoagulants (dicumarol type)","dicumarol",
"arone","-arone","antiarrhythmics","dronedarone, amioderone",
"subgroup:",,,,
,"-iodarone","antiarrhythmics - indicates high iodine content","amiodarone",
"arotene","-arotene","arotinoid derivatives","bexarotene, linarotene, tazarotene",
"arsin","-arsin","organoarsenic compounds","darinaparsin",
"arte","arte-","antimalarials (artemisinin derivatives)","arteflene",
"ase","-ase","enzymes","alglucerase",
"subgroups:",,,,
,"-dismase","enzymes - superoxide dismutase activity ","sudismase",
,"-glutenase","enzymes/proteases that have gluten as the substrate","latiglutenase",
,"-teplase","enzymes - tissue -type plasminogen activators","alteplase",
,"-uplase","enzymes - urokinase-type plasminogen activators","saruplase",
"ast","-ast","antiasthmatics/antiallergics (not acting primarily as antihistamines)",,
"subgroups:",,,,
,"-lukast","leukotriene receptor antagonists","cinalukast",
,"-milast","type IV phosphodiesterase","piclamilast",
,"-tegrast","integrin antagonists","valategrast",
,"-trodast","thromboxane A2 receptor antagonists","seratrodast",
,"-zolast","leukotriene biosynthesis inhibitors","eclazolast   ",
"asvir","-asvir","antivirals",,
"(a)tadine","-tadine, -atadine","tricyclic histaminic-H1 receptor antagonists, loratadine derivatives (formerly -tadine)","deloratadine",
"astine","-astine","antihistaminics (histamine-H1 receptor antagonists)","ebastine",
"azenil","-azenil","benzodiazepine receptor agonists/antagonists","bretazenil",
"azepam","-azepam","antianxiety agents (diazepam type)","lorazepam, clonazepam",
"azepide","-azepide","cholecystokinin receptor antagonists","devazepide",
"azocine","-azocine","narcotic antagonists/agonists (6,7-benzomorphan derivatives)","quadazocine",
"azoline","-azoline","antihistamines/local vasoconstrictors (antazoline type)","antazoline",
"azosin","-azosin","antihypertensives (prazosin type)","doxazosin",
"bacept","-bacept","receptor molecules or membrane ligands, natural, modified or synthetic",,
"bactam","-bactam","β-lactamase inhibitors ","sulbactam",
"bamate","-bamate","tranquilizers/antiepileptics (propanediol and pentanediol groups)","meprobamate",
"barb","-barb, -barb-","barbituric acid derivatives","eterobarb",
"basib","-basib","inhibitors of the ADAM (A disintegrin and A metalloprotease) enzymes (sheddases)","aderbasib",
"begron","-begron","β3 adrenoreceptor agonists","talibegron",
"benakin","-benakin","interleukins ",,
"bendazole","-bendazole","antithelmintics (tibendazole type)","cambendazole",
"bercept","-bercept","receptor molecules or membrane ligands, natural, modified or synthetic",,
"berel","-berel","estrogen receptor β agonist","prinaberel",
"bermin","-bermin","growth factors",,
"bersat","-bersat","anticonvulsants"," antimigraine (benzoylamino-benzpyran derivatives)","carabersat"
"betin","-betin","Amyloid β (Aβ) binders","aftobetin",
"bol","bol-, -bol-","anabolic steroids","bolandiol",
"borole","-borole","boroles, boron compounds","crisaborole",
"bresib","-bresib","bromodomain and extra terminal motif (BET) inhibitors","birabresib",
"brutinib","-brutinib","tyrosine kinase inhibitors ",,
"bufen","-bufen","non-steriodal anti-inflammatory agents, fenbufen derivatives","indobufen",
"bulin","-bulin","antineoplastics (mitotic inhibitors"," tubulin binders)","mivobulin"
"butan","-butan","antiseptics (dapabutan type) ","lopobutan",
"butazone","-butazone","anti-inflammatory analgesics (phenylbutazone type)","mofebutazone",
"buvir","-buvir","antivirals",,
"caftor","-caftor","cystic fibrosis transmembrane regulator (CFTR) protein modulators","ivacaftor",
"caine","-caine","local anesthetics","dibucaine",
"caleret","-caleret","calcium receptor antagonists","ronacaleret",
"calci","calci-, -calci-","vitamin D analogs","calcipotriene",
"camra","-camra","antivirals (intracellular adhesion molecule 1 (ICAM-1) derivatives","tremacamra",
"camsule","-camsule","camphorsulfonic acid derivatives used as UVA sunscreens","ecamsule",
"capoc","-capoc","agonists of the Gardos channel, or the calcium activated potassium channel of intermediate conductance","senicapoc",
"capone","-capone","catechol-O-methyltransferase (COMT) inhibitors","entacapone",
"carbef","-carbef","antibiotics (carbacephem derivatives)","loracarbef",
"calcet","-calcet","calcium-sensing receptor (CaSR) agonists","tecalcet",
"camtiv","-camtiv","cardiac myosin activator","omecamtiv mecarbil",
"casan","-casan","caspase inhibitors","pralnacasan",
"caserin","-caserin","serotonin receptor agonists, primarily 5-HT2","lorcaserin",
"castat","-castat","enzyme inhibitors",,
"catib","-catib","cathespin inhibitors","balicatib",
"cavir","-cavir","antivirals",,
"cebec","-cebec","cytochrome bc1 complex inhibitors in mycobacterium tuberculosis","telacebec",
"cef","cef-","cephalosporins","cefazolin",
"cept","-cept","receptor molecules or membrane ligands, natural, modified or synthetic",,
"subgroups:",,,,
,"-bacept","B-cells","briobacept",
,"-bercept","vascular endothelial growth factor (VEGF) receptors","aflibercept",
,"-cocept","complement receptors","mirococept",
,"-farcept","interferon receptors","bifarcept",
,"-lefacept","lymphocyte function-associated antigen 3 (LFA) receptors","alefacept",
,"-nacept","interleukin receptors","rilonacept",
,"-nercept","tumor necrosis factor receptors","lenercept",
,"-tacept","T-cell receptors","belatacept",
,"-tercept","transforming growth factor receptors","sotatercept",
,"-vircept","antiviral receptors","alvircept",
"cerfont","-cerfont","CRF-1 (corticotropin releasing factor) receptor antagonists","pexacerfont",
"cetrapib","-cetrapib","cholesterol ester transfer protein inhibitors","torcetrapib",
"cic","-cic","hepatoprotectives (timonacic type)","limazocic",
"ciclib","-ciclib","cyclin dependent kinase inhibitors (formerly -cidib)","seliciclib",
"ciclovir","-ciclovir","antivirals",,
"cidin","-cidin","natural antibiotics (undefined group)","gramicidin",
"ciguat","-ciguat","guanaline cyclase activators","ataciguat",
"cillin","-cillin","penicillins","ampicillin",
"cirnon","-cirnon","Chemokine receptor (CCR) antagonists, not antivirals","vercirnon",
"citabine","-citabine","nucleoside antiviral or antineoplastic agents, cytarabine or azarabine derivatives","gemcitabine",
"citinib","-citinib","tyrosine kinase inhibitors ",,
clidinium","-clidine, -clidinium","muscarinic receptor agonists/antagonists","vedaclidine",
"clomol","-clomol","heat-shock protein inducers, bimoclomal type","elesclomol",
"clone","-clone","hypnotics/tranquilizers (zopiclone type)","pagoclone",
"closporin","-closporin","cyclosporin derivatives","oxeclosporin",
"cocept","-cocept","receptor molecules or membrane ligands, natural, modified or synthetic",,
"copan","-copan","complement receptor antagonists/complement inhibitors","avacopan",
"coplan","-coplan","complement ligand inhibitors","zilucoplan",
"conazole","-conazole","systemic antifungals (miconazole type)","fluconazole",
"corat","-corat","glucocorticoid receptor agonists ( not glucocorticoids)","mapracorat",
"corilant","-corilant","glucocorticoid receptor antagonists (not glucocorticoids)","relacorilant",
"cort","-cort-","cortisone derivatives","hydrocortisone",
"coxib","-coxib","cyclooxygenase-2 inhibitors","celecoxib",r","-cridar","multidrug resistance inhibitors",,
"crinat","-crinat","diuretics (ethacrynic acid derivatives)","brocrinat",
"crine","-crine","acridine derivatives","amsacrine",
"cromil","-cromil","antiallergics (cromoglicic acid derivatives)","nedocromil",
"curium, curonium","-curium, -curonium","neuromuscular blocking agents (quaternary"," also ammonium compounds)","atracurium"
"cycline","-cycline ","antibiotics (tetracycline derivatives)","minocycline",
"cyclovir","-cyclovir","antivirals",,
"dacin","-dacin","antibiotics, DNA gyrase and topoisomerase IV inhibitors","zoliflodacin, gepotidacin",
"dan","-dan","positive inotropic agents (pimobendan type)","prinoxodan",
"dapsone","-dapsone","antimycobacterials (diaminodiphenylsulfone derivatives)","acedapsone",
"dar","-dar","multidrug resistance inhibitors",,
"subgroups:",,,,
,"-codar","pipecolic acid derivatives","biricodar",
,"-cridar","acridine carboxamide derivatives","elacridar",
,"-quidar","quinoline derivatives","lamiquidar",
,"-spodar","ciclosporin D derivatives","valspodar",
"decakin","-decakin","interleukins ",,
"degib","-degib","hedgehog signaling inhibitors ","vismodegib",
"delpar","-delpar","PPAR delta receptor agonists","fonadelpar",
"denoson","-denoson","adenosine A receptor agonists","tecadenoson",
"depsin","-depsin","depsipeptide derivatives","romidepsin",
"dermin","-dermin","growth factors",,
"desivir","-desivir","antivirals",,
"deu","deu-","deuterated compounds","deudextromethorphan",
"dil","-dil-, -dil","vasodilators (undefined group)","fostedil",
"subgroup:",,,,
,"-fradil","calcium channel blockers acting as vasodilators","mibefradil",
,"-sudil","Rho protein kinase (ROCK) inhibitors","netarsudil",
"dipine","-dipine","phenylpyridine vasodilators ","darodipine",
,,"(nifedipine type)","felodipine",
"dismase","-dismase","enzymes",,
"distim","-distim","colony-stimulating factors",,
"ditan","-ditan","antimigraine , serotonin 5-HT1 receptor agonists","alniditan",
"ditraz","-ditraz","acaricide/tick repellent","demiditraz",
"dnar","-dnar","DNA fragments that block transcription","rosomidnar",
"dodekin","-dodekin","interleukins ",,
"domide","-domide","thalidomide derivatives","lenalidomide",
"dopa","-dopa","dopamine receptor agonists","levodopa",
"dopidine","-dopidine","dopamine D2 receptor modulator","pridopidine",
"dore","-dore","dopamine D2D3 receptor modulators","aplindore fumarate",
"dotin","-dotin","synthetic analogs of the dolastatin series","vedotin",
"dralazine","-dralazine","antihypertensives (hydrazine-phthalazines)","hydralazine",
"drimer","-drimer","polymers",,
"drine","-drine","sympathomimetics","alifedrine",
"dronate","-dronate","calcium metabolism regulators","etidronate",
"dutant","-dutant","tachykinin (neurokinin) receptor antagonists",,
"ectedin","-ectedin","ecteinascidin derivatives","monectedin",
"ectin","-ectin","antiparasitics (ivermectin type)","doramectin",
"ef","-ef-","Fc fusion protein","pegefinodutide",
"elestat","-elestat","enzyme inhibitors",,
"elvekin","-elvekin","interleukins ",,
"emcinal","-emcinal","erythromycin derivatives lacking antibiotic activity"," motilin agonists","mitemcinal"
"enicokin","-enicokin","interleukins ",,
"entan","-entan","endothelin receptor antagonists","bosentan",
"eptakin","-eptakin","interleukins ",,
"erg","-erg-","ergot alkaloid deriviatives","pergolide",
"eridine","-eridine","analgesics (meperidine type)","anileridine",
"ermin","-ermin","growth factors",,
"subgroups:",,,,
,"-bermin","vascular endothelial growth factors","telbermin",
,"-dermin","epidermal growth factors ","murodermin",
,"-fermin","fibroblast growth factors","ersofermin",
,"-nermin","tumor necrosis factors","sonermin",
,"-plermin","platelet derived growth factors","becaplermin",
,"-otermin","bone morphogenetic proteins","dibotermin alfa",
,"-sermin","insulin-like growth factors","mecasermin",
,"-termin","transforming growth factors","cetermin",
"espib","-espib","heat shock protein inhibitors","ganetespib",
"estr","estr-, -estr-","estrogens","estrone",
"estrant","-estrant","estrogen antagonists","fulvestrant",
"etanide","-etanide","diuretics (piretanide type)","bumetanide",
"exakin","-exakin","interleukins ",,
"facept","-facept","receptor molecules or membrane ligands, natural, modified or synthetic",,
"fadine","-fadine","monoamine transport inhibitors","centanafadine",
"farcept","-farcept","receptor molecules or membrane ligands, natural, modified or synthetic",,
"farin","-farin","warfarin analogs","tecarfarin",
"farnib","-farnib","farnesyl transferase inhibitor","tipifarnib",
"faxine","-faxine","antianxiety, antidepressant inhibitor of norepinephrine and dopamine re-uptake","radafaxine",
"fenacin","-fenacin","muscarinic receptor antagonists","darifenacin",
"fenamate, fenamic acid, ","-fenamate, -fenamate acid","anti-inflammatory agents (anthranilic acid derivatives) and their salts or esters","etofenamate",
"fenine","-fenine","analgesics (fenamic acid subgroup)","floctafenine",
"fenin","-fenin","diagnostic aids ((phenylcarbamoyl) methyl iminodiacetic acid derivatives)","arclofenin",
"fensine","-fensine","norepinephrine, serotonin, dopamine, reuptake inhibitor","brasofensine",
"fentanil","-fentanil","narcotic analgesics (fentanyl derivatives)","alfentanil",
"fentrine","-fentrine","phosphodiesterase inhibitor","pumafentrine",
"fermin","-fermin","growth factors",,
"fetamin(e)","-fetamin, -fetamine","amfetamine derivatives","levmetamfetamine",
"fexor/fexorate","-fexor-, -fexorate","farnesoid X receptor agonists ","turofexorate",
"fiban","-fiban","fibrinogen receptor antagonists (glycoprotein IIb/IIIa receptor antagonists)","lamifiban",
"fibatide","-fibatide","peptides",,
"fibrate, fibric acid","-fibrate, -fibric acid","antihyperlipidemics (clofibrate type)","bezafibrate",
"filcon","-filcon","hydrophilic contact lens material","alphafilcon A",
"fingol","-fingol","sphingosine derivatives","cedefingol",
"flapon","-flapon","5-lipoxygenase-activating protein (FLAP) inhibitors","quiflapon",
"flurane","-flurane","general inhalation anesthetics (halogenated alkane derivatives)","enflurane",
"focon","-focon ","hydrophobic contact lens materials","trifocon A",
"folastat","-folastat","enzyme inhibitors"," ",
"forant","-forant","histamine H4 receptor antagonists","toreforant",
"formin","-formin","hypoglycemics (phenformin type)","buformin",
"fo(s)","fos-, -fo-, -fos-","phosphoro-derivatives","fosinoprilant",
"fosfamide","-fosfamide ","isophosphoramide mustard derivatives","palifosfamide",
"fradil","-fradil","vasodilators (undefined group)",,
"fulven","-fulven","antineoplastic, acylfulvene derivatives","viridofulven",
"fungerp","-fungerp","antifungals, triterpinoids","ibrexafungerp",
"fungin","-fungin","antifungal antibiotics (undefined group) ","kalafungin",
"fusp","-fusp","fusion proteins","rasdegafusp alfa",
"fylline","-fylline","theophylline derivatives","enprofylline",
"gab","-gab-, gab-","gabamimetics","fengabine",
"gacestat","-gacestat","enzyme inhibitors",,
"gado","gado-","gadolinium derivatives (principally for diagnostic use)","gadodiamide",
"ganan","-ganan","antimicrobial, bactericidal permeability increasing polypeptide","iseganan",
"gapil","-gapil","neuronal apoptosis inhibitors"," glyceraldehyde-3-phosphate dehydrogenase (GAPDH) ","omigapil"
"gaptide","-gaptide","peptides",,
"gatran","-gatran","thrombin inhibitors (argatroban type)","efegatran",
"gepant","-gepant","calcitonin gene-related peptide receptor antagonists","telcagepant",
"gest","-gest-","progestins","megestrol",
"giline","-giline","Monoamine oxidase (MAO) inhibitors, type B","selegiline",
"gillin","-gillin","antibiotics (Aspergillus strains)","mitogillin",
"gli","gli-, gly-","antihyperglycemics","gliflumide",
"gliatin","-gliatin","glucokinase activator","piragliatin",
"gliflozin","-gliflozin","phlorozin derivatives, phenolic glycosides","sergliflozin",
"glinide","-glinide","antidiabetic, sodium glucose co-transporter 2 (SGLT2) inhibitors, not phlorozin derivatives","repaglinide",
"gliptin","-gliptin","dipeptidyl aminopeptidase-IV inhibitors","vildagliptin",
"glitazar","-glitazar    ","peroxisome proliferator activiating receptor (PPAR) agonists (not thiazolidene derivatives)","farglitazar",
"glitazone","-glitazone","peroxisome proliferator activiating receptor (PPAR) agonists (thiazolidene derivatives)","ciglitazone",
"glivant","-glivant","antagonist of the glucagon receptor","domeglivant",
"glucagon","-glucagon","synthetic glucagon analogs","dasiglucagon",
"glumide","-glumide","cholecystokinin (CCK) antagonists, antiulcer, anxiolytic agent","amiglumide",
"glurant","-glurant","metabotropic glutamate receptor antagonists, negative allosteric modulators","raseglurant",
"glustat","-glustat","enzyme inhibitors",,
"glutide","-glutide","peptides",,
"golix","-golix","gonadotropin releasing hormone (GnRH) receptor antagonists (nonpeptide)","sufugolix",
"gosivir","-gosivir","antivirals",,
"gramostim","-gramostim","colony-stimulating factors",,
"grastim","-grastim","colony-stimulating factors",,
"grel","-grel-, -grel","platelet aggregation inhibitors, primarily platelet P2Y12 receptor antagonists","anagrelide",
"guan","guan-","antihypertensives (guanidine deriviatives)","guanoctine",
"icam","-icam ","anti-inflammatory agents  (isoxicam type)","enolicam",
"icodar","-icodar","multidrug resistance inhibitors","tamoxifen",
(formerly -iphene, -ifen)","-ifene","antiestrogens of the clomifene and tamoxifen groups","enclomifene",
"ilide","-ilide","class III antiarrhythmic agents","risotilide",
"imepodib","-imepodib","inosine monophosphate dehydrogenase inhibitors","merimepodib",
"imex","-imex","immunostimulants ","forfenimex",
"imibe","-imibe","antihyperlipidaemics, acyl CoA: cholesterol acyltransferase (ACAT) inhibitors","eldacimibe",
"imod","-imod","immunomodulators","ivarimod",
"subgroups:",,,,
,"-mapimod","mitogen-activated protein (MAP) kinase inhibitors","dormapimod",
,"-tirimod","napthyridine analogs","sortirimod",
,"-tolimod","toll-like receptor ","agatolimod",
"imus","-imus","immunosuppressives","napirimus",
"subgroup:",,,,
,"-romilus","immunosuppressant, rapamycin derivatives","siromilus",
"inostat","-inostat","enzyme inhibitors",,
"inurad","-inurad","urate transporter inhibitors","lesinurad",
"io","io-, -io-","iodine-containing contrast media","iodamide",
"iodarone","-iodarone","antiarrhythmics",,
"iphene","-iphene","antiestrogens of the clomifene and tamoxifen groups",,
"irudin","-irudin","anticoagulants (hirudin type) ","desirudin",
"isant","-isant","histamine H3 receptor antagonists","cipralisant",
"isomide","-isomide","antiarrhythmics (disopyramide derivatives)","bidisomide",
"ium, onium","-ium, -onium","quaternary ammonium derivatives","disiquonium",
"subgroups:",,,,
,"-clidinium","muscarininc receptor agonists/antagonists","aclidinium bromide",
,"-curium, -curonium","neuromuscular blocking agents","atracurium besylate, alcuronium chloride",
"ivon","-ivon","Von Willebrand factor inhibitors","egaptivon pegol",
"ixafor","-ixafor","CXCR receptor antagonists","plerixafor",
"ixibat (formerly -ibat)","-ixibat","ileal bile acid transporter (IBAT) inhibitors","barixibat",
"kacin","-kacin","antibiotics obtained from Streptomyces kanamyceticus (related to kanamycin)","amikacin",
"kalant","-kalant","potassium channel antagonists","almokalant",
"subgroup:",,,,
,"-nakalant","mixed sodium/potassium channel blockers","vernakalant",
"kalim","-kalim","potassium channel agonists","cromakalim",
"kalner","-kalner","opener of large conductance calcium-activated (maxi-K) potassium channels","flindokalner",
"kef","-kef- ","enkephalin agonists (various indications)","casokefamide",
"kin","-kin","interleukins ",,
"subgroups:",,,,
,"-decakin","interleukin-10 analogues and derivatives","ilodecakin",
,"-dodekin","interleukin-12 analogues and derivatives","edodekin alfa",
,"-elvekin","interleukin-11 analogues and derivatives","oprelvekin",
,"-enicokin","interleukin-21","denenicokin",
,"-eptakin","interleukin-7 analogues and derivatives",,
,"-exakin","interleukin-6 analogues and derivatives","atexakin alfa",
,"-leukin","interleukin-2 analogues and derivatives","teceleukin",
,"-nakin","interleukin-1 analogues and derivatives","pifonakin, mobenakin",
,"-benakin","interleukin-1-β analogues and derivatives","mobenakin",
,"-onakin","interleukin-1-α analogues and derivatives","pifonakin",
,"-nonakin","interleukin-9 analogues and derivatives",,
,"-octakin","interleukin-8 analogues and derivatives","emoctakin",
,"-penkin","interleukin-5 analogues and derivatives",,
,"-trakin","interleukin-4 analogues and derivatives","binetrakin",
"kinra","-kinra","interleukin receptor antagonists","anakinra",
"subgroups:",,,,
,"-nakinra","interleukin-1 (IL-1) receptor antagonists ","anakinra",
,"-trakinra","interleukin-4 (IL-4) receptor antagonists","pitrakinra (INN only)",
"kiren","-kiren","renin inhibitors","ditekiren",
"laner","-laner","antagonists of GABA (gamma-aminobutyric acid) regulated chloride channels, antiparasitic agents","afoxolaner",
"lanstat","-lanstat","enzyme inhibitors",,
"lazard","-lazard","lipid peroxidation inhibitors","tirilazard",
"lazine","-lazine","antiarrhythmic/antianginal/antihypertensive agents, phthalazine like structure","hydralazine, cadralazine, endralazine",
"lefacept","-lefacept","receptor molecules or membrane ligands, natural, modified or synthetic",,
"leptin","-leptin ","leptin derivatives","metreleptin",
"leukin","-leukin","interleukins ",,
"leuton","-leuton","5-lipoxygenase inhibitors","setileuton",
"lipim","-lipim ","lipoprotein lipase activators","ibrolipim",
"lisib","-lisib","phosphatidylinositol 3-kinase (PI3K) inhibitors","pictilisib",
"listat","-listat","enzyme inhibitors",,
"lintide","-lintide","peptides",,
"lubant","-lubant","leukotriene receptor antagonists (treatment of inflammatory skin disorders)","ticolubant",
"lukast","-lukast","antiasthmatics/antiallergics (not acting primarily as antihistamines)",,
"luren","-luren","inducers of ribosomal readthrough on nonsense mutation mRNA stop codons","ataluren",
"lutamide","-lutamide","non-steroid antiandrogens","bicalutamide",
"lutril","-lutril","endopeptidase inhibitors",,
"mab","-mab","monoclonal antibodies","imciromab",
"manid","-manid","mycolic acid inhibitors","delamanid, pretomanid",
"mantadine, mantine","-mantadine, -mantine","antivirals/antiparkinsonians (adamantane derivatives)","rimantadine",
"mapimod","-mapimod","immunomodulators",,
"maprazole","-maprazole","antiulcer agents (benzimidazole derivatives)",,
"mastat","-mastat","enzyme inhibitors",,
"meline","-meline","cholinergic agonists (arecoline derivatives used in treatment of Alzheimer's disease","xanomeline",
"melteon","-melteon","selective melatonin receptor agonist","ramelteon",
"mer","-mer","polymers","cadexomer",
"subgroups:",,,,
,"-drimer","dendrimers","astodrimer",
"mesine","-mesine","sigma receptor ligands","igmesine",
"mestane","-mestane","antineoplastics (aromatase inhibitors)","plomestane",
"metacin","-metacin","anti-inflammatory agents (indomethacin type)","zidometacin",
"metrep","-metrep","antagonists of the transient receptor potential channel (TRP), melatsatin (TRPM) type","elsimetrep",
"micin","-micin","antibiotics (Micromonospora strains)","maduramicin",
"milast","-milast","antiasthmatics/antiallergics (not acting primarily as antihistamines)",,
"minib","-minib","kinase inhibitor, binds to myristoyl binding site","asciminib",
"monam","-monam","monobactam antibiotics","gloximonam",
"morelin","-morelin","prehormones or hormone-release stimulating peptides",,
"moren","-moren","non-peptidic growth hormone secretagogues","ibutamoren",
"(a)mostat","-amostat, -mostat","enzyme inhibitors",,
"mostim","-mostim","colony-stimulating factors",,
"motine","-motine","antivirals (quinoline derivatives)","famotine",
"moxin","-moxin","monoamine oxidase inhibitors (hydrazine derivatives)","benmoxin",
"mulin","-mulin","antibacterials, pleuromulin derivatives","retapamulin",
"multin","-multin","mucosal tolerance inductors","ismomultin",
"murtide","-murtide","peptides",,
"mustine","-mustine","antineoplastics (chloroethylamine derivatives)","carmustine",
"mycin","-mycin","antibiotics (Streptomyces strain)","lincomycin",
"nab","nab-, -nab-, -nab","cannabinol derivatives","nabazenil",
"subgroup:",,,,
,"-nabant","CB (e.g., CB, CB2, etc.) cannabinoid receptor antagonists","rimonabant",
"nabant","-nabant","cannabinol derivatives",,
"nacept","-nacept","receptor molecules or membrane ligands, natural, modified or synthetic",,
"nakalant","-nakalant","see -kalant","vernakalant",
"nakin","-nakin","interleukins ",,
"nakinra","-nakinra","interleukin receptor antagonists",,
"nal","nal-, -nal-","narcotic agonists/antagonists (normorphine type)","nalmefene, methylnaltrexone bromide",
"napanor","-napanor","sodium-hydrogen antiporter (also called sodium-proton exchanger) inhibitors","tenapanor",
"napant","-napant","inhibitor of apoptosis protein (IAP) ","birinapant",
"navir","-navir","antivirals",,
"nemdaz","-nemdaz","N-methyl D-aspartate (NMDA) receptor antagonists (N2B subunit)","ristenemdaz",
"nepag","-nepag","non-prostanoid prostaglandin receptor agonists","evatanepag",
"nercept","-nercept","receptor molecules or membrane ligands, natural, modified or synthetic",,
"nermin","-nermin","growth factors",,
"nertant","-nertant","tachykinin (neurokinin) receptor antagonists",,
"nercept","-nercept","receptor molecules or membrane ligands, natural, modified or synthetic",,
"nesib","-nesib","kinesin inhibitors","ispinesib",
"netant","-netant","tachykinin (neurokinin) receptor antagonists",,
"netide","-netide","peptides",,
"neurin","-neurin","neurotensin receptor antagonists"," neurotropins","abrineurin"
"nexor","-nexor","exportin 1 inhibitors","selinexor, verdinexor, eltanexor",
"nicline","-nicline","nicotinic acetylcholine receptor partial agonists/agonists","altinicline",
"nidap","-nidap","nonsteroidal anti-inflammatory agents (tenidap type)","ilonidap",
"nidazole","-nidazole","antiprotozoal substances (metronidazole type)","tinidazole",
"nifur","nifur-","5-nitrofuran derivatives","nifuratel",
"nixin","-nixin","anti-inflammatory agents (anilinonicotinic acid derivatives)","clonixin",
"nod","-nod","nitrogen oxide (eg., nitrxyl and nitric oxide) donors","cimlanod, naproxcinod",
"nonakin","-nonakin","interleukins ",,
"octakin","-octakin","interleukins ",,
"oligide","-oligide","decoy oligodeoxynucleotides (ODNs)","brivoligide",
"olol","-olol","beta-blockers (propranolol type)","timolol",
"olone","-olone","steroids (not prednisolone derivatives)","minaxolone",
"omab","-omab","monoclonal antibodies",,
"onakin","-onakin","interleukins ",,
"onide","-onide","topical steroids (acetal derivatives)","amcinonide",
"onium","-onium","quaternary ammonium derivatives",,
"opilone","-opilone","epothilones","sagopilone",
"opran","-opran","opioid receptor antagonists","bevenopran",
"orex","-orex","anorexiants","fludorex",
"subgroups:",,,,
,"-orexant","orexin antagonists","suvorexant",
"orexant","-orexant","anorexiants",,
"orphan","-orphan, -orphan-","narcotic antagonists/agonists (morphinan derivatives) ","dextromethorphan",
"osuran","-osuran","urotensin receptor antagonists","palosuran",
"otermin","-otermin","growth factors",,
"otilate","-otilate ","hepatoprotectants, di-isopropyl (1,3-dithiol-2-ylidene) propanedioate and related compounds","mivotilate",
"oxacin","-oxacin ","antibacterials (quinolone derivatives)","ciprofloxacin",
"oxan(e)","-oxane, -oxan","alpha-adrenoceptor antagonists (benzodioxane derivatives)","imiloxan",
"oxanide","-oxanide","antiparasitics (salicylanilide derivatives)","bromoxanide",
"oxef","-oxef","antibiotics (oxacefalosporanic acid derivatives)","flomoxef",
"oxetine","-oxetine","antidepressants (fluoxetine type)","dapoxetine",
"subgroup:",,,,
,"-tioxetine","thioether derivatives","tedatioxetine",
"oxin","-oxin","fluoroquinolone derivatives, nonantibacterial indication (e.g., antineoplastic antibiotics)","voreloxin",
"padon","-padon","dopamine D1-like receptors (e.g., D1 and D5 subtypes) agonists/partial agonists and potentiators","tavapadon",
"pafant","-pafant","platelet-activating factor antagonists","dacopafant",
"pamide","-pamide","diurectics (sulfamoylbenzoic acid derivatives)","alipamide",
"pamil","-pamil","coronary vasodilators (verapamil type)",,
"pamine","-pamine","dopaminergics (butopamine type)","fosopamine",
"pansel","-pansel","selectin antagonists inhibiting all selectin types","rivapansel",
"parantag","-parantag","antagonists of heparin and/or low molecular weight  heparins","delparantag",
"paratide","-paratide","peptides",,
"parcin","-parcin","glycopeptide antibiotics","avoparcin",
"parib","-parib","poly-ADP-ribose polymerase inhibitors","olaparib",
"parin","-parin","heparin derivatives and low molecular weight (or depolymerized) heparins","heparin",
"parinux","-parinux","antihrombotic indirect selective synthetic factor Xa inhibitors","fondaparinux",
"paroid","-paroid","antithrombotics (heparinoid type)","danaparoid",
"parstat","-parstat","enzyme inhibitors",,
"patril, patrilat","-patril, -patrilat","endopeptidase inhibitors",,
"paxar","-paxar","Protease-activated receptor 1 (PAR1) antagonists","vorapaxar",
"peg","peg-, -peg-","PEGylated compounds, covalent attachment of macrogol (polyethylene glycol) polymer","lipegfilgrastim",
"penem","-penem","antibacterial  antibiotics, carbapenem derivatives","tomopenem",
"penkin","-penkin","interleukins ",,
"perflu","perflu-","blood substitutes and/or diagnostics (perfluorochemicals)","perflubron",
"peridol","-peridol","(see -perone)",,
"peridone","-peridone","(see -perone)",,
"perit","-perit","neuropeptide Y5 antagonists","velneperit",
"perone","-perone","antianxiety agents/neuroleptics (4'-fluoro-4-piperidinobutyrophenone derivatives)","duoperone",
"subgroups:",,,,
,"-peridol","antipsychotics (haloperidol type)","haloperidol",
,"-peridone","antipsychotics (risperidone type)","risperidone",
"pertin","-pertin","glycine transporter/reuptake inhibitors ","bitopertin",
"pezil","-pezil","acetylcholinesterase inhibitors used in the treatment of Alzheimer's disease","icopezil",
"pidem","-pidem","hypnotics/sedatives (zolpidem type)","zolpidem",
"pin(e)","-pin, -pine","tricyclic compounds","doxepin, amoxapine, darenzepine",
"piprant","-piprant","prostaglandin receptor antagonists, non prostinoid structure","laropiprant",
"pirdine","-pirdine","serotonin 5-HT6 receptor inhibitors","linopirdine",
"pirox","-pirox","antimycotics (pyridone derivatives)","ciclopirox",
"pitant","-pitant","tachykinin (neurokinin) receptor antagonists",,
"pivat","-pivat","pyruvate kinase activators","mitapivat",
"plact","-plact","platelet factor 4 analogs and derivatives","iroplact",
"pladib","-pladib","phospholipase A2 inhibitors","ecopladib",
"plam","-plam","survuval motor neurin SMN1 and SMN2 splicing modulators","risdiplam",
"planin","-planin","antibacterials (Actinoplanes strains)","mideplanin",
"plasinin","-plasinin","inhibitors of plasminogen activator inhibitors - type 1","tiplasinin",
"plasmin","-plasmin","plasmin proteins and derivatives","ocriplasmin",
"platin","-platin","antineoplastics (platinum derivatives)","cisplatin",
"plenib","-plenib","spleen tyrosine kinase (Syk) inhibitors","lanraplenib, entosplenib",
"plermin","-plermin","growth factors",,
"plestim","-plestim","colony-stimulating factors",,
"plon","-plon","non-benzodiazepine anxiolytics, sedatives, hypnotics","ocinaplon, zaleplon",
"podect","-podect","phosphodiesterase 10 (PDE10) inhibitors","mardepodect",
"poetin","-poetin","erythropoietins","epoetin alfa",
"porfin","-porfin","benzoporphyrin derivatives","verteporfin",
"potide","-potide","peptides",,
"pramine","-pramine","antidepressants (imipramine type)","lofepramine",
"prazan","-prazan","proton pump inhibitors, not dependent on acid activation","revaprazan",
"prazole","-prazole","antiulcer agents (benzimidazole derivatives)","omeprazole",
"subgroup:",,,,
,"-maprazole","proton pump inhibitors","pumaprazole",
"pred","pred-, -pred-, -pred","prednisone and prednisolone derivatives","prednicarbate",
"pressin","-pressin","vasoconstrictors (vasopressin derivatives)","desmopressin",
"previr","-previr","antivirals",,
"pril","-pril, -pril-","antihypertensives (ACE inhibitors)","enalapril",
"subgroup:",,,,
,"-prilat","antihypertensives (ACE inhibitors), diacid analogs ","enalaprilat",
"prilat","-prilat","antihypertensives (ACE inhibitors)",,
"prinim","-prinim","nootropic agents (learning/cognitive enhancers), purine derivatives","leteprinim",
"prim","-prim","antibacterials (trimethoprim type), dihydrofolate reductase (DHFR) inhibitors ","ormetoprim",
"pris","-pris-","steriodal compounds acting on progesterone receptors (excluding -gest- compounds)","lonaprisan, vilaprisan",
"prisnil","-prisnil","selective progesterone receptor modulators (SPRM)","asoprisnil",
"pristin","-pristin","antibacterials, pristinamycin derivatives","quinupristin",
"pristone","-pristone","progesterone receptor antagonists","mifepristone",
"profen","-profen","anti-inflammatory/analgesic agents (ibuprofen type)","flurbiprofen",
"proget","-proget","nonsteroidal ligand for the progesterone receptor","tanaproget",
"prost","-prost-, -prost","prostaglandins","rioprostil",
"protafib","-protafib","protein tyrosine phosphatase 1B inhibitors","ertiprotafib",
"pultide","-pultide","peptides",,
"punil","-punil","mitochondrial benzodiazepine receptor (MBR) selective, partial, or inverse agonists (purine derivatives)","emapunil",
"quantel","-quantel","anthelminitics (undefined group)",,
"queside","-queside","cholesterol sequestrants (glycosides)","pamaqueside",
"quidar","-quidar","multidrug resistance inhibitors",,
"quiline","-quiline","antibiotics, diarylquinoline structure","bedaquiline",
"quinil","-quinil","benzodiazepine receptor agonists, partial agonists, inverse agonists (quinolone derivatives)","lirequinil",
"quistat","-quistat","enzyme inhibitors",,
"racetam","-racetam","nootropic agents (learning, cognitive enhancers), piracetam type","piracetam",
"racil","-racil","uracil type antineoplastics","eniluracil",
"rafenib","-rafenib","rapidly accelerated fibrosarcoma (RAF) kinase inhibitors","sorafenib",
"ragone","-ragone","receptor for advanced glycation endproducts (RAGE) inhibitors","azeliragone",
"reotide","-reotide","peptides",,
"relin","-relin","prehormones or hormone-release stimulating peptides","nafarelin",
"subgroups:",,,,
,"-morelin","growth hormone-release stimulating peptides","dumorelin",
,"-tirelin","thyrotropin releasing hormone analogues","protirelin",
"relix","-relix","hormone-release inhibiting peptides","detirelix",
"renone","-renone","aldosterone antagonists (spironolactone type)","canrenone",
"restat","-restat","enzyme inhibitors",,
"retin","-retin-, -retin","retinol derivatives","etretinate",
"rian","-rian","ryanodine receptor modulators","aladorian",
"ribine","-ribine","ribofuranil derivatives (pyrazofurin type)","loxoribine",
"rifa","rifa-","antibiotics (rifamycin derivatives)","rifapentine",
"rinone","-rinone","cardiotonics (amrinone type)","milrinone",
"ritide","-ritide","peptides",,
"rixin","-rixin","chemokine (C-X-C motif) receptor 2 (CXCR2) modulators","reparixin",
"rocin","-rocin","t-RNA synthetase inhibitors","bederocin",
"rolimus","-rolimus","immunosuppressives",,
"rozole","-rozole","aromatase inhibitors (imidazole/triazole derivatives) ","letrozole",
"rsen","-rsen","antisense oligonucleotides","alicaforsen",
"subgroup:",,,,
,"-virsen","antivirals","afovirsen",
"rubicin","-rubicin","antineoplastic antibiotics (daunorubicin type)","esorubicin",
"sal","sal-, -sal-, -sal","anti-inflammatory agents (salicyclic acid derivatives)","mesalamine",
"sap","-sap","serum amyloid P (SAP) inhibitors","miridesap",
"sarm","-sarm","selective androgen receptor modulator (non-steroidal) ","enobosarm",
"sartan","-sartan","angiotensin II receptor antagonists","losartan",
"selan","-selan","E-selectin antagonists","uproleselan",
"semide","-semide","diuretics (furosemide type)","azosemide",
"semtiv","-semtiv","skeletal muscle troponin activator","tirasemtiv",
"sermin","-sermin","growth factors",,
"serod","-serod","serotonin receptor antagonists and partial agonists","piboserod",
"serpine","-serpine","Rauwolfia alkaloid derivatives","reserpine",
"sertib","-sertib","serine/threonine kinase inhibitors","danusertib",
"setrag","-setrag","serotonin 5-HT receptor agonists, not principally 5-HT2","pumosetrag",
"setron","-setron","serotonin 5-HT3 receptor antagonists","ondansetron",
"siban","-siban","oxytocin antagonists","barusiban",
"sidenib","-sidenib","mutated isocitrate dehydrogenase (IDH) inhibitors","enasidenib",
"sidomine","-sidomine","antianginals (sydnone derivatives)","molsidomine",
"sidone","-sidone","antipsychotic with binding activity on sertonin (5-HT2A) and dopamine (D2) receptors","lurasidone",
"siptor","-siptor","Src homology 2-containing inositol-5' phosphatase 1 (SHIP1) activators","rosiptor",
"siran (formerly -siranib)","-siran- ","small interfering RNA (siRNA)","patisiran",
"som","som-","growth hormone derivatives","somatrem",
"subgroups:",,,,
,,"bovine somatotropin derivatives","sometribove",
,,"porcine somatotropin derivatives","sometripor",
"sonan","-sonan","serotonin 5-HT1B receptor inhibitors","elzasonan",
"spirone","-spirone","anxiolytics (buspirone type)","zalospirone",
"spodar","-spodar","multidrug resistance inhibitors",,
"sporin","-sporin","cyclosporin derivatives",,
"sporivir","-sporivir","antivirals",,
"stat","-stat, -stat-","enzyme inhibitors",,
"subgroups:",,,,
,"-becestat","beta secretase inhibitors","verubecestat",
,"-castat","dopamine b-hydrolase (DBH) inhibitors","nepicastat",
,"-dostat","indoleamine 2, 3-dioxygenase 1 (IDO1) inhibitors","epacodostat",
,"-dustat","hypoxia-inducible factor (HIF) prolyl hydroxylase inhibitors","roxadustat, vadadustat",
,"-elestat","elastase inhibitors","sivelestat",
,"-folastat","folate hydrolose (also called Prostate Specific Membrane Antigen (PSMA) or glutamate carboxypeptidase II) inhibitors","iofolastat 123",
,"-gacestat","gamma secretase inhibitors","semagacestat",
,"-glustat","glucosyltransferase inhibitors","miglustat",
,"-inostat","histone deacetylase inhibitors","dacinostat",
,"-lanstat","lanosterol 14a-demethylase inhibitors","azalanstat",
,"-listat","gastrointestinal lipase inhibitors","cetilistat",
,"-mastat","matrix metalloprotease inhibitors","batimastat",
,"-amostat, -mostat","proteolytic enzyme inhibitors","nafamostat",
,"-parstat","heparin derivatives ","dociparstat",
,"-quistat","squalene synthase inhibitors","lapaquistat",
,"-restat-, -restat","aldose-reductase inhibitors","ponalrestat, tolrestat, alrestatin",
,"-sonstat","s-nitrosoglutathione reductase (GSNOR) inhibitors","cavosonstat",
,"-statin","antihyperlipidemics (HMG-CoA inhibitors)","atorvastatin, lovastatin",
,"-telstat","telomerase inhibitors","imetelstat",
,"-tiostat","glutathione -s- transferase inhibitors","ezatiostat hydrochloride",
,"-tristat","tryptophan hydroxylase inhibitors","telotristat",
,"-unistat","nitric oxide synthase inhibitors","cindunistat",
,"-urestat","urease inhibitors","benurestat",
,"-xostat","xanthine oxidase/dehydrogenase inhibitors","febuxostat",
"statin","-statin","enzyme inhibitors",,
"ster","-ster-","steroids (androgens, anabolics)","norgesterone",
"steride","-steride ","testosterone reductase inhibitors ","epristeride",
"stigmine","-stigmine","cholinesterase inhibitors (physostigmine type)","quilostigmine",
"stim","-stim","colony-stimulating factors","ancestim",
"subgroups:",,,,
,"-distim","conjugates of two different types of colony-stimulating factors","milodistim",
,"-gramostim","granulocyte macrophage colony-stimulating factors (GM-CSF)","molgramostim",
,"-grastim","granulocyte colony-stimulating factors (G-CSF)","filgrastim",
,"-mostim","macrophage colony-stimulating factors (M-CSF)","mirimostim",
,"-plestim","interleukin 3 deriviatives"," pleiotropic colony-stimulating factors","daniplestim"
"stinel","-stinel","N-methyl-D-asparate (NMDA) receptor antagonist/agonists, glycine recognition site","licostinel, apimostinel, rapastinel",
"sulam","-sulam","antineoplastics, apoptosis inducing sulfonamide","indisulam",
"sulfa","sulfa- ","antimicrobials (sulfonamides derivatives) ","sulfasalazine",
"sulfan","-sulfan ","antineoplastics, alkylating agents (methanessulfonate derivatives)","busulfan",
"sulind","-sulind","antineoplastics, pro-apoptotic cGMP phosphodiesterase inhibitors, sulindac metabolites","exisulind",
"sulpride","-sulpride","sulpride derivatives","remoxipride, zacopride",
"tacept","-tacept","receptor molecules or membrane ligands, natural, modified or synthetic",,
"tansine","-tansine","maytansinoid derivatives","mertansine",
"tant","-tant","tachykinin (neurokinin) receptor antagonists",,
"subgroups:",,,,
,"-dutant","NK2 receptor antagonists ","saredutant",
,"-nertant","neurotensin receptor antagonists","reminertant",
,"-netant","NK3 receptor antagonists","osanetant",
,"-pitant","NK1 receptor antagonists ","dapitant",
"tapide","-tapide","microsomal triglyceride transfer protein (MTP) inhibitors","implitapide",
"taxel","-taxel","antineoplastics, taxane derivatives","paclitaxel",
"tecan","-tecan ","antineoplastics (camptothecin derivatives)","topotecan ",
"tecarin","-tecarin","antineoplastics (rebeccamycin derivatives)","becatecarin",
"tegrast","-tegrast","antiasthmatics/antiallergics (not acting primarily as antihistamines)",,
"tegravir","-tegravir","antivirals",,
"telstat","-telstat","enzyme inhibitors",,
"tepa","-tepa","antineoplastics (thiotepa derivatives)","azetepa",
"teplase","-teplase","enzymes",,
"tercept","-tercept","receptor molecules or membrane ligands, natural, modified or synthetic",,
"termin","-termin","growth factors",,
"terol","-terol","bronchodilators (phenethylamine derivatives)","albuterol",
"terone","-terone","antiandrogens","abiraterone, testerone",
"subgroups:",,,,
,"-teronel","non-steroid antiandrogens","cioteronel, orteronel, seviteronel",
"tesind","-tesind","thymidylate synthase inhibitors (benzindole derivatives)","metesind",
"thiazide","-thiazide","diuretics (thiazide derivatives)","sodium chlorothiazide",
"tiapine","-tiapine","antipsychotics (dibenzothiazepine derivatives)","metiapine",
"tiazem","-tiazem","calcium channel blockers (diltiazem type)","clentiazem",
"tibant","-tibant","antiasthmatics (bradykinin antagonists)","icatibant",
"tide","-tide","peptides","octreotide",
"subgroups:",,,,
,"-actide","synthetic corticotropins","seractide",
,"-clotide","gastrointestinal functions"," normalizing agent","recanaclotide"
,"-dutide","oxyntomodulin analogs","pegefinodutide",
,"-fibatide","platelet aggregation inhibitor (GPIIb/IIIa receptor antagonist)","eptifibatide",
,"-gaptide","gap junction protein channel modulators","rotigaptide",
,"-glutide","glucagon-like peptide (GLP) analogs","liraglutide",
,"-lintide","amylin derivatives or mimics","pramlintide",
,"-melanotide","melanocortin receptor agonists","setmelanotide",
,"-murtide","peptides with muranic acid present","mifamurtide",
,"-netide","neurologic indications","davunetide",
,"-paratide","parathyroid hormone related peptide","semparatide",
,"-potide","peptides with prostate cancer indications","tigapotide",
,"-pultide","peptides used as pulmonary surfactants","sinapultide",
,"-reotide","inhibition of growth hormone release","pasireotide",
,"-ritide","atrial natriuretic type substances","cenderitide",
,"-virtide","antiviral peptides","enfuvirtide",
,"-zotide","zonulin antagonists","larazotide",
"tidine","-tidine","H2-receptor antagonists (cimetidine type)","lupitidine",
"tinib","-tinib","tyrosine kinase inhibitors ","erlotinib",
"subgroup:",,,,
,"-brutinib","tyrosine kinase inhibitors Bruton's (Btk) inhibitors","ibrutinib",
,"-citinib","tyrosine kinase inhibitors"," janus kinase inhibitors","baricitinib"
,"-ertinib","epidermal growth factor receptor (EGFR) inhibitors","abivertinib, osimertinib, canertinib",
,"-metinib","tyrosine kinase inhibitors"," MEK (MAPK kinase) inhibitors","binimetinib, cobimetinib, selumetinib"
,"-trectinib","tropomyosin receptor kinase (TRK) inhibitors","entrectinib, larotrectinib, reprotrectinib",
,"-xertinib","Tyrosine kinase inhibitors ERK1 and ERK2 inhibitors",,
"tiostat","-tiostat","enzyme inhibitors",,
"tioxetine","-tioxetine","antidepressants (fluoxetine type)",,
"tirelin","-tirelin","prehormones or hormone-release stimulating peptides",,
"tirimod","-tirimod","immunomodulators",,
"tirom","-tirom-","antihyperlipidemic, thyromimetic derivatives","sobetirome",
"tocin","-tocin","oxytocin derivatives","oxytocin",
"toclax","-toclax","bcl-2 (B-cell lymphoma 2) inhibitors","obatoclax ",
"toin","-toin","antiepileptics (hydantoin derivatives)","albutoin",
"tolimod","-tolimod","immunomodulators",,
"toran","-toran","toll-like receptor 4 (TLR4) receptor antagonists ","eritoran",
"trakin","-trakin","interleukins ",,
"trakinra","-trakinra","interleukin receptor antagonists",,
"traline","-traline","selective serotonin reuptake inhibitors (SSRI)","sertraline",
"trectinib","-trectinib","tyrosine kinase inhibitors ",,
"treg","-treg-","cellular therapy T regulatory cells","cirotregcel",
"trep","-trep","transient receptor potential antagonists","mavatrep",
"trexate","-trexate","antimetabolites (folic acid derivatives)","methotrexate",
"trexed","-trexed","antineoplastic thymidylate synthetase inhibitors","nolatrexed",
"tricin","-tricin","antibiotics (polyene derivatives)","mepartricin",
"trigine","-trigine","sodium channel blockers, signal transduction modulators","lamotrigine, raxatrigine",
"tril/trilat","-tril, -trilat","endopeptidase inhibitors","candoxatril",
"subgroups:"," -lutril","neutral endopeptidase inhibitors possessing additional endothelin converting enzyme inhibitory activity","daglutril",
,"-patril, -patrilat","ACE (angiotensin-1 converting enzyme) and NEP (neutral endopeptidase) inhibitors","omapatrilat",
"triptan","-triptan ","antimigraine agents (5-HT1 receptor agonists)"," sumatriptan derivatives","naratriptan"
"triptyline","-triptyline","antidepressants (dibenzol[a,d]cycloheptane derivatives)","amitriptyline",
"tristat","-tristat","enzyme inhibitors",,
"troban","-troban","antithrombotics (thromboxane A2 receptor antagonists)","daltroban",
"trodast","-trodast","antiasthmatics/antiallergics (not acting primarily as antihistamines)",,
"troline","-troline","antipsychotics (dopamine D2 antagonists)","carvotroline",
"trombopag","-trombopag","thrombopoetin agonists","eltrombopag",
"trop"," -trop-, -trop, trop-","atropine derivatives","benztropine",
,,"Subgroups: tertiary amines (e.g., benzatropine), quarternary ammonium salts (e.g., darotropium bromide), was used as a prefix with another stem (e.g., tropanserin)","tropatepine",
"umab","-umab","monoclonal antibodies",,
"unistat","-unistat","enzyme inhibitors",,
"uplase","-uplase","enzymes",,
"uracil","-uracil","uracil derivatives used as thyroid antagonists and as antineoplastics","fluorouracil",
"urestat","-urestat","enzyme inhibitors",,
"uridine","-uridine","antivirals"," antineoplastics (uridine derivatives)","idoxuridine"
"vancin","-vancin","vancomycin-related compounds","dalbavancin",
"vaptan","-vaptan","vasopressin receptor antagonists","conivaptan",
"vatrep","-vatrep","vanilloid 1 receptor antagonists","mavatrep",
"verine","-verine","spasmolytic agents (papaverine type)","mebeverine",
"vin","vin-, -vin-","vinca alkaloids","vinepidine",
"vir","vir-, -vir-, -vir","antivirals","ganciclovir",
"subgroups:","-amivir","neuraminidase inhibitors","zanamivir",
,"-asvir","nonstructural protein 5A (NS5A) inhibitors","daclatasvir",
,"-atovir","respiratory syncytial virus (RSV) fusion inhibitors","presatovir",
,"-buvir","RNA polymerase (NS5B) inhibitors","nesbuvir",
,"-cavir ","carbocyclic nucleosides","lobucavir",
,"-cyclovir, -ciclovir","antivirals (acyclovir type)","desciclovir",
,"-desivir","adenosine analogs acting as RNA polymerase inhibitors","remdesivir",
,"-gosivir","glucosidase inhibitors","celgosivir",
,"-navir","HIV protease inhibitors (saquinavir type)","indinavir",
,"-previr","serine protease inhibitors ","boceprevir",
,"-sporivir","cyclosporine derivatives","alisporivir",
,"-tegravir","integrase inhibitors","elvitegravir",
,"-virenz","non-nucleoside reverse transcriptase inhibitors"," benzoxazinone derivatives","efavirenz"
,"-vircept","receptor molecules or membrane ligands, natural, modified or synthetic",,
,"-virdine","antivirals",,
,"-virenz","antivirals",,
,"-virimat","antiviral, disrupts viral maturation","bevirimat",
,"-virine","non-nucleoside reverse transcriptase inhibitors, not benzoxazinone derivatives","rilpivirine",
,"-vircept","receptor molecules or membrane ligands, natural, modified or synthetic",,
,"-virdine","antivirals",,
,"-virenz","benzoxazinone derivatives","efavirenz",
,"-virimat","antivirals",,
,"-virine","antivirals",,
"viroc","-viroc","antivirals, chemokine receptor (CCR) antagonists","maraviroc",
"subgroups:",,,,
,"-criviroc","immunomodulators","ancriviroc",
"virsen","-virsen","antisense oligonucleotides",,
"vivint","-vivint","WNT (wingless-type mouse mammary tumor virus) pathway inhibitors","adavivint, lorcivivint",
"vudine","-vudine","antineoplastics"," antivirals (zidovudine group) (exception: edoxudine)","stavudine"
"xaban","-xaban","antithrombotics, blood coagulation factor XA inhibitors","tamixaban",
"xanox","-xanox","antiallergic respiratory tract drugs (xanoxic acid derivatives)","tixanox",
"xetan","-xetan","chelating agents","yttrium (90y) clivatuzumab tetraxetan",
"ximab","-ximab","monoclonal antibodies",,
"xostat","-xostat","enzyme inhibitors",,
"zolamide","-zolamide","carbonic anhydrase inhibitors","brinzolamide",
"zolast","-zolast","antiasthmatics/antiallergics (not acting primarily as antihistamines)",,
"zolid","-zolid","oxazolidinone antibacterials","eperezolid",
"zomib","-zomib","proteozome inhibitors","bortezomib",
"zotan","-zotan","5-HT1A receptor agonists/antagonists acting primarily as neuroprotectors","robalzotan",
"zotide","-zotide","peptides",,
"zumab","-zumab","monoclonal antibodies",,
